Model,MSE,MAE,R2
LinearRegression,1.511651251360174,0.9061207834602829,0.10067253125265996
Lasso,1.5143416757344939,0.9072361262241567,0.09907191567400975
Ridge,1.5134575625680087,0.9064472252448313,0.0995979015820595
SGDRegressor,1.516955930359086,0.9060663764961916,0.09751661580436066
SVR,1.5748150163220893,0.8815560391730143,0.06309447956339731
