Model,MSE,MAE,R2
LinearRegression,1.4517627856365616,0.8878128400435257,0.13630200745486998
Lasso,1.4541947769314472,0.8889009793253536,0.13485514160318823
Ridge,1.4521545157780196,0.8885201305767138,0.13606895523714946
SGDRegressor,1.4534439608269858,0.8931447225244831,0.13530182502048593
SVR,1.531760065288357,0.8773394994559305,0.08870918407633754
