Model,MSE,MAE,R2
LinearRegression,1.511177910772579,0.9065016322089228,0.100954136015739
Lasso,1.5143416757344939,0.9072361262241567,0.09907191567400975
Ridge,1.5134575625680087,0.9064472252448313,0.0995979015820595
SGDRegressor,1.5154651795429817,0.9129760609357999,0.09840350896624162
