Model,MSE,MAE,R2
LinearRegression,1.5414499455930362,0.9135745375408053,0.08688631738451857
Lasso,1.5427883569096847,0.9138465723612623,0.0860934783502747
Ridge,1.5402910772578893,0.9135745375408053,0.0875727999629492
SGDRegressor,1.5419396082698587,0.9215723612622416,0.08659625432320994
